{"stat.walkOneCm":305769,"stat.leaveGame":30,"stat.drop.minecraft.dirt":1,"stat.useItem.minecraft.potion":2,"stat.pickup.minecraft.redstone_block":3,"stat.drop.minecraft.stone_slab":1,"stat.jump":1631,"stat.useItem.minecraft.redstone_block":3,"stat.fallOneCm":484,"stat.drop.minecraft.stone":1,"stat.useItem.minecraft.milk_bucket":3,"stat.crouchOneCm":103,"stat.sprintOneCm":73358,"stat.useItem.minecraft.stone_slab2":345,"stat.drop.minecraft.command_block":3,"stat.damageTaken":310,"stat.drop.minecraft.repeating_command_block":1,"stat.flyOneCm":2144493,"stat.deaths":4,"stat.useItem.minecraft.ender_pearl":236,"stat.drop":11,"stat.drop.minecraft.chain_command_block":1,"stat.playOneMinute":183354,"stat.sneakTime":249,"stat.damageDealt":10,"stat.timeSinceDeath":16020,"stat.drop.minecraft.grass":3}